{
  "mode": "clean",
  "total_samples": 1000,
  "top1_acc": 0.288,
  "top5_acc": 0.571,
  "avg_latency_ms": 0.1998090749111725,
  "p99_latency_ms": 1.7771133466158056,
  "latency_fp16": {
    "mean_ms": 3.399837575852871,
    "p50_ms": 3.3948030322790146,
    "p99_ms": 3.5300386510789394,
    "batch_size": 1,
    "n_runs": 50
  },
  "_saved_at": "20260314_200344"
}