{
  "mode": "clean",
  "total_samples": 1000,
  "top1_acc": 0.288,
  "top5_acc": 0.57,
  "avg_latency_ms": 0.30525492620654404,
  "p99_latency_ms": 2.0283437104080795,
  "latency_fp32": {
    "mean_ms": 3.1901104748249054,
    "p50_ms": 3.1845541670918465,
    "p99_ms": 3.2613462954759598,
    "batch_size": 1,
    "n_runs": 50
  },
  "_saved_at": "20260314_200325"
}