{
  "clean_acc": 96.8,
  "clean_correct": 9680,
  "clean_total": 10000,
  "trigger_asr": 99.92222222222222,
  "trigger_correct": 8993,
  "trigger_total": 9000,
  "time_sec": 15.19209599494934
}